id	date	title	url
57	2009-05-14	К пиратам попали и николаевские моряки, нанятые в Одессе	https://nikvesti.com/news/None
4362	2009-07-16	СЕНСАЦИЯ! На Коблевском побережье откопали 2,5 тонную скульптуру слона XVI века (ФОТО)	https://nikvesti.com/news/None
616	2009-07-23	Стали известны новые подробности того, как на Коблевском побережье откопали 2,5-тонную скульптуру слона XVI века (ФОТО, ВИДЕО)	https://nikvesti.com/news/None
833	2009-08-10	Подводный аппарат, разработанный николаевским университетом имени адмирала Макарова, протестируют на &laquo;Ленине&raquo;	https://nikvesti.com/news/None
851	2009-08-12	На Южно-Украинскую АЭС толпами повалили "паломники" - в этом месяце побывала уже восьмая делегация	https://nikvesti.com/news/None
4380	2009-08-27	С помощью детища Национального университета кораблестроения &ndash; подводного аппарата &laquo;Софокл&raquo; обнаружено византийское судно	https://nikvesti.com/news/None
1062	2009-09-01	В городе Николаеве вертолет приземлился во время футбольного матча на поле Темвода!	https://nikvesti.com/news/None
1227	2009-09-11	Прошла торжественная сессия горсовета (ФОТОРЕПОРТАЖ)	https://nikvesti.com/news/None
1641	2009-10-13	Осенний чемпионат города Николаева по мини-футболу	https://nikvesti.com/news/None
1807	2009-10-26	Николаев встретит ноябрь фестивалем искусств &laquo;ART Листопад&raquo;	https://nikvesti.com/news/None
2342	2009-11-27	Всех чиновников николаевского горисполкома сменит молодежь, но только на один день	https://nikvesti.com/news/None
2343	2009-11-27	Экипажу судна "Ариана" грозит рабство?	https://nikvesti.com/news/None
4419	2009-12-02	Насколько прозрачны, открыты и подотчетны городской общине мэр, горсовет и исполком?	https://nikvesti.com/news/None
2478	2009-12-07	Николаевцы и не только увидели концерт "З Україною в серці" (ФОТОРЕПОРТАЖ)	https://nikvesti.com/news/None
2612	2009-12-16	Николаевские регионалы и витренковцы хотят отобрать у наркоманов реабилитационный центр	https://nikvesti.com/news/None
2664	2009-12-18	Николаевец, получивший новую квартиру, пригласил руководство города и области к себе домой на шампанское. Все пришли (видео)	https://nikvesti.com/news/None
2677	2009-12-19	В Николаевский зоопарк приехали новые обитатели - два кафрских ворона, 7&nbsp;грифовых цесарок и 4&nbsp;лисцы-феньки	https://nikvesti.com/news/None
2689	2009-12-21	Директор зоопарка выгулял на первом снегу ручную тигрицу Таньку	https://nikvesti.com/news/None
2740	2009-12-24	На мэрском новом году депутаты пили шампанское и фотографировались у елочки (обновлено, фоторепортаж)	https://nikvesti.com/news/None
2831	2009-12-30	"Ариану" с николаевскими моряками на борту сопровождают в порт	https://nikvesti.com/news/None
2989	2010-01-16	Вечер под эгидой мэра депутаты горсовета проигнорировали &ndash; Чайки на них не было в городе (ФОТО, ВИДЕО)	https://nikvesti.com/news/None
3740	2010-03-11	Депутат-регионал В. Воронов попросил у нового министра денег	https://nikvesti.com/news/None
3792	2010-03-16	Бывший Дворец культуры &laquo;Зоря&raquo; передадут николаевской молодежи	https://nikvesti.com/news/None
3943	2010-03-27	Владимир Чайка может дать клубу &laquo;Delerium&raquo; еще 5 дней поработать	https://nikvesti.com/news/None
3954	2010-03-29	Николаевские семьи высадили в парке деревья имени своего рода	https://nikvesti.com/news/None
4228	2010-04-19	В орнитарии николаевского зоопарка можно увидеть рогатых воронов и зеленых павлинов	https://nikvesti.com/news/None
4248	2010-04-20	В Николаевской области нашли Борисфениду - древнегреческое поселение на о. Березань, затопленное морем	https://nikvesti.com/news/None
9520	2010-05-03	27 команд стартовали в чемпионате Николаевской области по футболу	https://nikvesti.com/news/None
9656	2010-05-07	Нардеп-коммунист В.Матвеев боится «стай подростков» и выступает за введение в Николаеве комендантского часа	https://nikvesti.com/news/None
9816	2010-05-12	Виталий Воронов уверен, что Рада передумает и вернется к проваленному сегодня закону о льготных кредитах	https://nikvesti.com/news/None
10008	2010-05-19	Министр по делам семьи, молодежи и спорта приедет в «Водолей» решать его проблемы	https://nikvesti.com/news/None
10041	2010-05-19	Возле Вечного огня ученики дежурят, несмотря на дождь	https://nikvesti.com/news/None
10044	2010-05-20	Государство может оздоровить всего лишь 1% детей Николаевщины	https://nikvesti.com/news/None
10279	2010-05-27	Пить пиво в общественных местах выпускникам сегодня никто не помешал	https://nikvesti.com/news/None
10626	2010-06-09	Мэр Чайка открыл летний сезон в лагере «Дельфин» «Белыми крыльями»	https://nikvesti.com/news/None
11000	2010-06-21	Бюрократическая волокита не позволила оказать достойную помощь пансионату для ветеранов войны и труда	https://nikvesti.com/news/None
11146	2010-06-25	Депутаты горсовета спорили о комендантском часе для несовершеннолетних	https://nikvesti.com/news/None
11164	2010-06-25	Комендантский час не ввели из-за недоработок его авторов, считает регионал Воронов	https://nikvesti.com/news/None
11761	2010-07-15	В списке кандидатов в мэры Николаева от Партии регионов появился Юрий Бондин	https://nikvesti.com/news/None
11809	2010-07-17	Предвыборная социологоя от губернатора Николаевщины	https://nikvesti.com/news/None
12117	2010-07-28	Если бы выборы мэра состоялись сегодня, Чайку бы поддержало 31% Николаевцев	https://nikvesti.com/news/None
12248	2010-07-31	В.Янукович ввел в состав ОГС трех новых членов	https://nikvesti.com/news/None
12573	2010-08-12	Имя будущего Николаевского мэра – Владимир Чайка?	https://nikvesti.com/news/None
12588	2010-08-13	Николаевские малыши все-таки смогут пойти в детский сад?	https://nikvesti.com/news/None
12955	2010-08-26	На сессии горсовета снова попытаются очистить улицы города от подростков после 23.00	https://nikvesti.com/news/None
13106	2010-09-01	«Эксклюзивные» николаевские первокурсники вчера стали официальными студентами	https://nikvesti.com/news/None
13125	2010-09-01	Из-за летних каникул депутатов комендантского часа в Николаеве может и не быть,- регионал Воронов	https://nikvesti.com/news/None
13241	2010-09-06	В отчете об оздоровлении детей Николаева забыли о подаренных мэром 150-ти путевках	https://nikvesti.com/news/None
13417	2010-09-10	20 лет «Вечерке»: праздник лести и ассоциаций	https://nikvesti.com/news/None
13423	2010-09-11	Поющий ректор Поплавский пообещал составить серьезную конкуренцию мэру Николаева. Видео	https://nikvesti.com/news/None
13620	2010-09-17	Мэр Николаева награждал тех, кто отличился на праздновании Дня города – досталось и его партруководству	https://nikvesti.com/news/None
13793	2010-09-23	Сурикаты, привезенные в николаевский зоопарк на прошлой неделе, в вольере уже «сделали перепланировку»	https://nikvesti.com/news/None
13889	2010-09-27	Николаевцы – третьи в очереди на медвежонка из московского зоопарка	https://nikvesti.com/news/None
14065	2010-10-02	Размышления необъективного политолога над списками кандидатов в депутаты	https://nikvesti.com/news/None
14342	2010-10-12	Депутат горсовета рассказала, что в России комендантский час спас подростков от побоев милиции	https://nikvesti.com/news/None
15188	2010-11-04	В Николаевский горсовет проходят представители девяти партий	https://nikvesti.com/news/None
15258	2010-11-08	Переизбранного мэра-«регионала» В. Чайку уже окружили советниками	https://nikvesti.com/news/None
15403	2010-11-10	Николаевский бомонд поздравил губернатора Н. Круглова с юбилеем. ФОТО	https://nikvesti.com/news/None
15602	2010-11-16	Студенческий мэр Николаева своим молчанием «хотел» вернуть к жизни молодежный совет	https://nikvesti.com/news/None
15703	2010-11-18	В этом году «мэрских стипендиатов» приветствовали скромно - без накрытых столов и бокалов с шампанским	https://nikvesti.com/news/None
16381	2010-12-08	«Местной власти только денег не хватает. Полномочий же у нее – предостаточно», - депутат от ПР	https://nikvesti.com/news/None
16383	2010-12-08	«Регионал»-чиновник не видит ничего страшного в ликвидации Министерства по делам семьи, молодежи и спорта	https://nikvesti.com/news/None
16511	2010-12-13	В. Воронов считает, что «молодежное управление» было бы логично реорганизовать	https://nikvesti.com/news/None
17080	2010-12-30	На Новый год Чайка пожелал мужскую "сорочку", Воронов жену, а Коренюгин с Бугаенко отдых	https://nikvesti.com/news/None
17126	2010-12-31	Поздравления с Новым годом от мэра, губернатора и главы облсовета	https://nikvesti.com/news/None
17162	2011-01-05	В Николаеве ограбили офис Партии регионов	https://nikvesti.com/news/None
17216	2011-01-06	Глава областной парторганизации «Фронта Змін» В.Мериков поздравил николаевцев с Рождеством	https://nikvesti.com/news/None
17351	2011-01-12	Вознесенские "регионалы" намерены инициировать вопрос о выделении средств для ремонта двух амбулаторий	https://nikvesti.com/news/None
17948	2011-01-29	Николаевский горсовет создал новую рабочую группу по ЖКХ	https://nikvesti.com/news/None
18021	2011-01-31	В Николаеве посоревнуются за умение сказать «Люблю!»	https://nikvesti.com/news/None
18163	2011-02-03	Чтобы николаевцы ехали в Египет, им предлагают усиленную охрану и 50%-ую скидку. ФОТО из Египта	https://nikvesti.com/news/None
19257	2011-03-11	Плати 800 грн в месяц за игровой автомат – и работай?	https://nikvesti.com/news/None
19770	2011-03-26	Во многих странах нет управлений по делам молодежи, а мы остаемся заложниками законодательства, - Воронов	https://nikvesti.com/news/None
19981	2011-04-02	День смеха в Николаеве: как разыграли мэра Чайку и кто из местных политиков "перестал корчить рожу жизни"	https://nikvesti.com/news/None
20269	2011-04-11	Оппозиция занимается самопиаром, игнорируя свои основные обязанности, - "регионал" Ильюк	https://nikvesti.com/news/None
20288	2011-04-12	Член жюри проекта «Майdан’s» Мигель поставил бы николаевским танцорам пока «5»	https://nikvesti.com/news/None
20514	2011-04-18	Николаевцы будут наблюдать за празднованием 75-летия ФК «Шахтер» на площади Ленина	https://nikvesti.com/news/None
21112	2011-05-07	Сегодня стартует футбольный Чемпионат Николаевской области 2011 года	https://nikvesti.com/news/None
21120	2011-05-07	Чемпионат Николаевской области 2011 (Группа 1)	https://nikvesti.com/news/None
21125	2011-05-07	Чемпионат Николаевской области по футболу: первые результаты	https://nikvesti.com/news/None
21130	2011-05-08	Чемпионат города Николаева. Высшая лига	https://nikvesti.com/news/None
21136	2011-05-09	Чемпионат Николаевской области по футболу - «Торпедо» разгромило «Тепловик». Обзор I тура	https://nikvesti.com/news/None
21238	2011-05-11	Чемпионат Николаевской области в первой группе: превью 2 тура	https://nikvesti.com/news/None
21414	2011-05-16	Чемпионат области I группа: «Вороновка» и «Варваровка» захватили лидерство. Обзор II тура	https://nikvesti.com/news/None
21424	2011-05-18	Финальный матч Кубка Николаевской области состоится 21 мая в Вознесенске	https://nikvesti.com/news/None
21485	2011-05-20	Чемпионат Николаевской области-2011: анонс третьего тура	https://nikvesti.com/news/None
21521	2011-05-22	"Торпедо" завоевало кубок Николаевской области	https://nikvesti.com/news/None
21566	2011-05-24	Чемпионат Николаевской области первая группа: в третьем туре победы праздновали гости	https://nikvesti.com/news/None
21743	2011-05-28	Чемпионат Николаевской области: превью IV тура	https://nikvesti.com/news/None
21777	2011-05-30	Чемпионат Николаевской области первая группа: осечка «Варваровки» оказалась на руку «Вороновке»	https://nikvesti.com/news/None
21863	2011-06-01	В день детей глава Ленинского района Гранатуров, «дядя Вова» и вице-мэр раздавали мороженое и одеяла	https://nikvesti.com/news/None
21965	2011-06-04	Чемпионат Николаевской области по футболу: превью V тура	https://nikvesti.com/news/None
21986	2011-06-06	Чемпионат Николаевской области по футболу: первомаец Сергей Титомир забил «Степовому» четыре гола	https://nikvesti.com/news/None
22192	2011-06-10	Чемпионат Николаевской области: превью VI тура	https://nikvesti.com/news/None
22215	2011-06-11	Депутаты работают без каникул - о народе думают...	https://nikvesti.com/news/None
22237	2011-06-13	Чемпионат Николаевской области первая группа: первомайцы увезли из Николаева важные три очка	https://nikvesti.com/news/None
22418	2011-06-18	Чемпионат Николаевской области по футболу: в Щербанях и Южноукраинске состоятся дерби	https://nikvesti.com/news/None
22484	2011-06-21	Футбол. Чемпионат Николаевской области. Первая группа: «Вороновка» и «Варваровка» одержали крупные победы	https://nikvesti.com/news/None
22668	2011-06-25	Чемпионат Николаевской области-2011: Каждый матч – решающий!	https://nikvesti.com/news/None
22711	2011-06-27	«Тепловик» наскандалил в Степовом	https://nikvesti.com/news/None
22733	2011-06-29	«Фронтовик» Соколик передал титул студенческого мэра Николаева «регионалу» Васильеву	https://nikvesti.com/news/None
22882	2011-07-02	Десять игр в начале июля. 10-й тур чемпионата Николаевской области	https://nikvesti.com/news/None
22944	2011-07-04	Крупный успех "Автолокомотива" в Первомайске. Чемпионат Николаевской области	https://nikvesti.com/news/None
23043	2011-07-07	Чемпионат Николаевской области по футболу: степовчане дали бой торпедовцам	https://nikvesti.com/news/None
23146	2011-07-09	Два матча – и на каникулы! Чемпионат Николаевской области-2011.	https://nikvesti.com/news/None
23162	2011-07-10	"Дубль" Ивана Шелеста. «Автолокомотив» (Южноукраинск) – «Торпедо» (Николаев) – 1:2.	https://nikvesti.com/news/None
24012	2011-08-02	Чемпионат Николаевской области: второй круг стартует 20 августа	https://nikvesti.com/news/None
24270	2011-08-09	Участники чемпионата Николаевской области по футболу готовятся ко второму кругу	https://nikvesti.com/news/None
24498	2011-08-16	Футбольные команды Николаевщины продолжают готовится к новому сезону	https://nikvesti.com/news/None
24598	2011-08-18	«Вороновка» крупно выиграла у МФК «Николаев-2» в чемпионате Николаевской области	https://nikvesti.com/news/None
24658	2011-08-20	Стартует второй круг чемпионата Николаевской области	https://nikvesti.com/news/None
24680	2011-08-21	Два гола забил 16-летний дебютант Олег Крамаренко. «Торпедо» (Николаев) – «Степовое» - 3:0	https://nikvesti.com/news/None
24711	2011-08-22	Точные прогнозы - для стабильных команд. Чемпионат Николаевской области	https://nikvesti.com/news/None
24742	2011-08-23	В кубке города Николаева по футболу Константин Буряк наколотил пять голов в одном матче!	https://nikvesti.com/news/None
24741	2011-08-23	За кубок Украины поборется южноукраинский «Тепловик»	https://nikvesti.com/news/None
24875	2011-08-26	Автогол соперника помог МФК "Николаев-2" победить "Лан-Каскад" - 2:1	https://nikvesti.com/news/None
24878	2011-08-26	Матчи команд первой группы чемпионата области. Анонсы и Прогнозы	https://nikvesti.com/news/None
24938	2011-08-28	«Торпедо» (Николаев): восемь мячей для «Автолокомотива»!	https://nikvesti.com/news/None
24951	2011-08-29	"Тепловики" поквитались за честь южноукраинского футбола. Первая группа чемпионата области	https://nikvesti.com/news/None
24956	2011-08-29	«Первомайск» намерен сражаться за каждое очко!» - заверил тренер Николай Флакей	https://nikvesti.com/news/None
24988	2011-08-30	«Варваровка» - первый финалист кубка Николаева по футболу	https://nikvesti.com/news/None
25124	2011-09-02	В кубке Украины «Тепловик» (Южноукраинск) сыграет с «Колосом» (Хлебодаровка)	https://nikvesti.com/news/None
25153	2011-09-02	Чемпионат Николаевской области. Анонс и Прогнозы	https://nikvesti.com/news/None
25172	2011-09-02	А главные испытания - впереди! "Торпедо" (Николаев) - МФК "Первомайск" - 5:1	https://nikvesti.com/news/None
25219	2011-09-05	"Степовое" и "Тепловик" взяли реванши. Чемпионат области	https://nikvesti.com/news/None
25348	2011-09-07	Депутат-«регионал» Воронов на субботники не ходит, но зато их спонсирует	https://nikvesti.com/news/None
25364	2011-09-08	Если чёрный кот... «Тепловик» (Южноукраинск) – «Колос» (Хлебодаровка) – 1:2	https://nikvesti.com/news/None
25405	2011-09-09	Третий тайм. После матча «Тепловик» (Южноукраинск) - «Колос» (Хлебодаровка)	https://nikvesti.com/news/None
25489	2011-09-12	"Варваровка" в четвертый раз подряд завоевала кубок города Николаева	https://nikvesti.com/news/None
25511	2011-09-12	"Лан-Щербани" крупно выиграл у "Вороновки". 1-я группа чемпионата Николаевской области	https://nikvesti.com/news/None
25627	2011-09-15	"Тепловик" побеждает в Первомайске. Чемпионат Николаевской области	https://nikvesti.com/news/None
25708	2011-09-16	"Варваровка" открыла тур победой 2:0. Анонс игр чемпионата области	https://nikvesti.com/news/None
25768	2011-09-19	Гашин и Долбилов отразили пенальти, но выиграло "Степовое". 1-я группа чемпионата области	https://nikvesti.com/news/None
25959	2011-09-25	Суперматч лидеров: "Вороновка" - "Торпедо" - 1:1. Чемпионат Николаевской области	https://nikvesti.com/news/None
25962	2011-09-26	Стрельба дуплетом. На матчах первой группы чемпионата Николаевской области	https://nikvesti.com/news/None
26084	2011-09-29	"Дубль" Романа Тормозова решил исход матча претендентов на медали. «Торпедо» – «Варваровка» – 2:0	https://nikvesti.com/news/None
26144	2011-10-01	Трудные победы "Торпедо" и "Степового". Чемпионат Николаевской области	https://nikvesti.com/news/None
26220	2011-10-05	Победителями чемпионата г. Николаева 2011 года стали "Вороновка", "Висла" и "Лан-Каскад-2"	https://nikvesti.com/news/None
26256	2011-10-07	На разработку проекта молодежного центра на базе бывшего ДК «Зоря» решили потратить почти 300 тыс. грн	https://nikvesti.com/news/None
26283	2011-10-08	"Вороновка" - "Степовое": безголевая ничья. "Автолокомотив" в Щербани не доехал	https://nikvesti.com/news/None
26295	2011-10-10	"Торпедо" - чемпион области! "Вороновка" - вторая. Борьба за "бронзу" достигла апогея	https://nikvesti.com/news/None
26336	2011-10-11	Николаевцы ощутили «теплоту рук Иисуса Христа», прикоснувшись к 9-килограммовому Евангелию	https://nikvesti.com/news/None
26354	2011-10-11	"Вороновка" со счетом 1:0 выиграла у "Торпедо". Первое поражение чемпиона области	https://nikvesti.com/news/None
26401	2011-10-13	Суперкубок области 23 октября разыграют "Торпедо" (Николаев) и "Тепловик" (Южноукраинск)	https://nikvesti.com/news/None
26571	2011-10-26	Всего 10% депутатов николаевского горсовета готовы к диалогу с общественностью, - результат исследования	https://nikvesti.com/news/None
26991	2011-11-15	Названы имена 25-ти студентов, которые 17 ноября займут кресла чиновников мэрии	https://nikvesti.com/news/None
27020	2011-11-17	Кубок чемпионов по футболу впервые в городе Николаеве	https://nikvesti.com/news/None
27293	2011-12-02	Как в "Сказке": детский городок нужно отремонтировать или переделать в "американский" вариант	https://nikvesti.com/news/None
27632	2011-12-21	У Франции и Николаева есть точки соприкосновения перспективы работы	https://nikvesti.com/news/None
27750	2011-12-27	На строительство новых детсадов в следующем году выделено 2,5 млн. грн.	https://nikvesti.com/news/None
27971	2012-01-07	100 самых влиятельных николаевцев	https://nikvesti.com/news/None
28113	2012-01-16	Игры очередного тура зимнего чемпионата Николаевской области по футболу прошли на снегу	https://nikvesti.com/news/None
28513	2012-02-06	Результаты воскресных матчей зимнего чемпионата Николаевской области по футболу	https://nikvesti.com/news/None
28627	2012-02-12	Зимний чемпионат Николаевской области по футболу. Результаты матчей	https://nikvesti.com/news/None
28659	2012-02-14	Истории любви николаевских политиков и чиновников	https://nikvesti.com/news/None
29132	2012-03-11	Греки привезли в Николаев частичку острова Тинос	https://nikvesti.com/news/None
29982	2012-04-13	Николаевский конкурс красоты с участием полуобнаженных 14-летних девушек грозит обернуться скандалом	https://nikvesti.com/news/None
30564	2012-05-07	«Регионалы» Круглов и Чайка открыли детскую площадку на Намыве	https://nikvesti.com/news/None
31558	2012-06-13	Очередное самоубийство в центре Николаева: мужчина бросился в реку с понтонного моста	https://nikvesti.com/news/None
32198	2012-07-05	Укрзалізниця: из Крыма нет пути назад	https://nikvesti.com/news/None
35075	2012-09-23	В Николаеве задержан авторитет по кличке «Наум», - СМИ	https://nikvesti.com/news/None
40657	2013-03-19	Воронов просил Дениса Жело не бороться с коррупцией от имени Координационного совета	https://nikvesti.com/news/None
40928	2013-03-29	Соседи пытались самостоятельно потушить пожар односельчанина на Николаевщине, но безуспешно	https://nikvesti.com/news/None
41411	2013-04-18	Николаев попрощался с Антонюком	https://nikvesti.com/news/None
42210	2013-05-16	Итоги 28 сессии Николаевского горсовета. ФОТОРЕПОРТАЖ	https://nikvesti.com/news/None
42850	2013-06-07	Управления культуры и молодежи не планируют никаких детских праздников накануне акции «Вставай, Украина!» в Николаеве	https://nikvesti.com/news/None
43073	2013-06-18	Планетарий в детском городке «Сказка» под вопросом. Депутатам городского совета жалко денег на его строительство	https://nikvesti.com/news/None
43678	2013-07-08	Три человека утонули на Николаевщине за прошедшую неделю	https://nikvesti.com/news/None
43813	2013-07-12	Виталий Воронов уволен с должности начальника горуправления молодежи Николаева	https://nikvesti.com/news/None
43999	2013-07-18	Новый начальник «молодежного управления» повез николаевцев на встречу с вице-премьером Вилкулом	https://nikvesti.com/news/None
44216	2013-07-25	После скандала в детсаде №83 депутаты горсовета проверили качество питания в 6 николевских садиках	https://nikvesti.com/news/None
44421	2013-08-02	Николаевская молодежь потребовала от городской власти не объединять управления молодежи и образования	https://nikvesti.com/news/None
44563	2013-08-08	Центр защиты животных не получил 100 тысяч из-за того, что исполком не согласовал решение с депутатами	https://nikvesti.com/news/None
44626	2013-08-10	Молодежь, которая спела для Воронова, выступит на сцене, где начинали лучшие украинские группы	https://nikvesti.com/news/None
44894	2013-08-20	Прозаседав 2 часа, «комиссия по гнилой морковке» так ничего и не решила	https://nikvesti.com/news/None
45026	2013-08-27	Студенческий президент Украины снова из Николаева	https://nikvesti.com/news/None
45061	2013-08-28	Проблему с «позвонишками» в Николаеве депутаты будут решать с помощью рабочей группы	https://nikvesti.com/news/None
45082	2013-08-29	Сессия горсовета не смогла поставить точку в работе депутатской комиссии «по гнилой морковке» в детсадах Николаева	https://nikvesti.com/news/None
45274	2013-09-05	Владельцы киосков «Позвони» так и не договорились с городскими властями. Их будки «снесут»	https://nikvesti.com/news/None
45378	2013-09-09	Городские власти со второй попытки выполнили поручение Коренюгина и «доработали» демонтаж «позвонишек»	https://nikvesti.com/news/None
45418	2013-09-11	Воронов призвал горсовет следовать наставлениям Круглова и «не работать по беспределу»	https://nikvesti.com/news/None
45443	2013-09-11	Депутаты хотят, чтоб в Николаеве было как минимум 10% социальной рекламы, которая прославляет город	https://nikvesti.com/news/None
45445	2013-09-12	Воронов убедил бюджетную комиссию, что нужно изучить, насколько эффективно работает исполком	https://nikvesti.com/news/None
45508	2013-09-13	Депутат Мостовой не хочет тратить 100 тысяч из бюджета Николаева на еще одну спортплощадку в парке «Победа»	https://nikvesti.com/news/None
45579	2013-09-17	Коренюгин "наградил" одного из организаторов Дня города должностью начальника управления молодежи	https://nikvesti.com/news/None
45587	2013-09-17	Владельцы «позвонишек» попытались «утереть нос» депутату Воронову знанием истории	https://nikvesti.com/news/None
45595	2013-09-18	Защищать николаевские киоски «Позвони» от сноса будет партия УДАР	https://nikvesti.com/news/None
45604	2013-09-18	Предприниматели собрали 14 тыс. подписей николаевцев в пользу «позвонишек»	https://nikvesti.com/news/None
45641	2013-09-19	«Это уже вчерашний день» - Женжеруха поддерживает снос киосков «Позвони»	https://nikvesti.com/news/None
45726	2013-09-23	Центр админуслуг решил возложить демонтаж «позвонишек» на плечи вице-мэра Васюкова	https://nikvesti.com/news/None
45734	2013-09-24	Владельцы киосков «Позвони» прошли молчаливым маршем, выражая протест демонтажу	https://nikvesti.com/news/None
45840	2013-09-27	С начала года в Николаеве демонтировали больше 100 незаконных торговых "будок"	https://nikvesti.com/news/None
45913	2013-09-30	Вице-мэр Васюков категорически не хочет упорядочивать "позвонишки" в Николаеве	https://nikvesti.com/news/None
45994	2013-10-03	Бюджетная комиссия не позволила вице-мэру Андриенко установить турникет, но дала полмиллиона на ремонт горисполкома	https://nikvesti.com/news/None
46036	2013-10-04	Депутатам представили «замену Агнянникова» и они дали ему 150 тысяч, чтоб погасить долги	https://nikvesti.com/news/None
46266	2013-10-14	Бондарь заверил бюджетную комиссию, что архитектуре срочно нужны деньги, чтоб детализировать 5% территории Николаева	https://nikvesti.com/news/None
46294	2013-10-15	Депутаты возмутились отписками чиновников горисполкома и считают, что им «плюют в лицо»	https://nikvesti.com/news/None
46349	2013-10-16	Депутаты просят рабочую группу, чтоб "под микроскопом" изучить плохую работу чиновников в Николаеве	https://nikvesti.com/news/None
46357	2013-10-17	Открылась сессия Николаевского городского совета	https://nikvesti.com/news/None
46578	2013-10-25	Спозаранку Полянцев начал снос киосков "Позвони" на рынке депутата Дюмина	https://nikvesti.com/news/None
46661	2013-10-28	Два человека погибли на Николаевщине из-за неосторожности при курении	https://nikvesti.com/news/None
47069	2013-11-13	Сапожникова попросила Топчего написать Азарову, что с Николаевским зоопарком уже все хорошо	https://nikvesti.com/news/None
47071	2013-11-14	У Васюкова сэкономили немного денег для Ващиленко, но депутаты "зарубили"	https://nikvesti.com/news/None
47075	2013-11-14	Рекламщики попросили Гранатурова освободить Николаев от "Позвонишек", которые не дают им работать	https://nikvesti.com/news/None
47078	2013-11-14	Перед николаевским горисполкомом "повесили" малый бизнес	https://nikvesti.com/news/None
47178	2013-11-18	Депутаты не увидят договора социального партнерства, пока глава бюджетной комиссии Николаева не «переговорит» с Гранатуровым	https://nikvesti.com/news/None
47440	2013-11-27	Претензии депутатов к "реформе" райадминистраций Николаева вмиг исчезли с появлением Гранатурова	https://nikvesti.com/news/None
47903	2013-12-12	Воронов хочет, чтоб депутатов городского совета транслировали, как у Дятлова	https://nikvesti.com/news/None
48843	2014-01-19	Представители власти в Николаеве окунулись в святую воду Южного Буга	https://nikvesti.com/news/None
49059	2014-01-24	Воронов устроил разнос Гайдаржи и предложил ему уволиться	https://nikvesti.com/news/None
49152	2014-01-27	Николаев ожидает еще больше снега, метель и гололедица	https://nikvesti.com/news/None
49178	2014-01-28	Спасатели на Николаевщине вытащили из сугробов 6 автомобилей и спасли 8 человек	https://nikvesti.com/news/None
49403	2014-02-04	Гранатуров созвал рабочую группу по проблемам ЖКХ после того, как оппозиционер Курченко раскритиковал работу департамента	https://nikvesti.com/news/None
49406	2014-02-04	Депутаты от «Третьей Силы» в знак протеста покинули заседание Николаевского горсовета	https://nikvesti.com/news/None
49450	2014-02-05	«Стопроцентная проезжаемость» Гранатурова привела к аварии на центральной магистрали Николаева	https://nikvesti.com/news/None
49584	2014-02-10	Гранатуров просит не спешить с ликвидацией трамвайной линии на Потемкинской	https://nikvesti.com/news/None
49647	2014-02-11	Воронов уверен, что в Николаеве нет ЖЭКов, которыми довольны, а Гайдаржи ему напомнил о грамотах и письмах благодарности	https://nikvesti.com/news/None
49661	2014-02-12	Департамент ЖКХ провалил работу по созданию ОСМД в Николаеве, - Воронов	https://nikvesti.com/news/None
50135	2014-02-24	Воронов объяснил, почему выходит из Партии регионов и инициировал создание депутатской группы	https://nikvesti.com/news/None
50179	2014-02-25	Главный «регионал» горсовета Николаева считает, что его коллеги бегут из фракции из-за страха	https://nikvesti.com/news/None
50360	2014-03-02	Демьянов уверял участников сепаратистского митинга, что готов сложить мандат ради спокойствия в Николаеве	https://nikvesti.com/news/None
51317	2014-03-25	Очередные находки времен Великой Отечественной обезврежены на Николаевщине	https://nikvesti.com/news/None
51580	2014-03-31	Фракцию Партии регионов в Николаевском горсовете покинули уже 27 депутатов	https://nikvesti.com/news/None
51954	2014-04-09	Гранатуров нагрянул в кабинет бюджетной комиссии, где срывая голос обсуждали необходимость сокращения чиновников	https://nikvesti.com/news/None
52084	2014-04-13	Ансамбль Вооруженных сил Украины выступил для жителей Николаева	https://nikvesti.com/news/None
52253	2014-04-16	Центру защиты животных в Николаеве нужно больше двух миллионов гривен для нормализации работы	https://nikvesti.com/news/None
52256	2014-04-16	Временный мэр Гранатуров: “Парк Победы не содержится никем”	https://nikvesti.com/news/None
52509	2014-04-23	Работу городской власти будут оптимизировать, в первую очередь - ЖКХ, - Гранатуров	https://nikvesti.com/news/None
52556	2014-04-24	Гранатуров раскритиковал Гайдаржи с подчиненными: “Такие доклады на комсомольском собрании надо было делать”	https://nikvesti.com/news/None
52580	2014-04-24	Гранатуров устроил разнос своим подчиненным и снова «наехал» на Гайдаржи: «Я с таким аппаратом работать не буду»	https://nikvesti.com/news/None
52598	2014-04-25	В Николаеве одновременно начались сессии областного и городского советов	https://nikvesti.com/news/None
52619	2014-04-25	Дюмин директору Департамента финансов горсовета Бондаренко: “Вам давно пора на пенсию”	https://nikvesti.com/news/None
52626	2014-04-25	Волонтеров, помогающих больным детям, не пустили к николаевским депутатам	https://nikvesti.com/news/None
53610	2014-05-16	Журналисты Николаева сняли первый выпуск новой программы «Игра слов»	https://nikvesti.com/news/None
53640	2014-05-18	Исаков рассказал, что думает об этих выборах - первый выпуск программы "Игра слов"	https://nikvesti.com/news/None
53655	2014-05-18	Сенкевич в эфире программы "Игра слов" рассказал, зачем идет в мэры Николаева	https://nikvesti.com/news/None
53701	2014-05-19	Гостями третьего выпуска полит-шоу «Игра слов» стали лидер Майдана и сторонник Путина в Николаеве	https://nikvesti.com/news/None
53805	2014-05-21	Гранатуров в эфире «Игры слов» объявил грядущий «черный пиар», который используют против него прямо перед голосованием	https://nikvesti.com/news/None
53904	2014-05-23	Мериков в эфире «Игры слов» рассказал, как обрушилась Партия регионов на Николаевщине	https://nikvesti.com/news/None
54432	2014-06-04	Гранатуров ищет иногороднего профи на должность главного архитектора Николаева, а Воронов предлагает итальянца	https://nikvesti.com/news/None
54430	2014-06-04	Власти Николаева собираются купить спецтехнику для очистки города за 15 миллионов	https://nikvesti.com/news/None
54510	2014-06-06	Депутаты горсовета считают, что Департаменту ЖКХ не хватает системности в вопросе покупки спецтранспорта на 15 миллионов	https://nikvesti.com/news/None
54701	2014-06-11	В Николаеве чиновники решили перетасовать полномочия, а депутаты хотят перетасовать самих чиновников	https://nikvesti.com/news/None
54787	2014-06-13	Гранатуров сказал, что в июне песок на дорогах Николаева лежит из-за Госказначейства	https://nikvesti.com/news/None
55624	2014-07-03	Женжеруху не выбрали секретарем горсовета — результаты голосования	https://nikvesti.com/news/None
55634	2014-07-03	Депутаты второй раз "прокатили" Гранатурова, отказавшись сделать Женжеруху хотя бы вице-мэром	https://nikvesti.com/news/None
56015	2014-07-11	Бывший «регионал» Гранатуров обвинил бывшего «регионала» Воронова в том, что он бывший	https://nikvesti.com/news/None
56018	2014-07-11	«В Партии регионов остались только сильные и смелые» - заявление николаевской областной организации	https://nikvesti.com/news/None
56023	2014-07-11	Омельчук: Кандидатуру Воронова на должность вице-мэра предложил сам Гранатуров	https://nikvesti.com/news/None
56112	2014-07-14	Стажер Николаевского горсовета избрана студенческим мэром Николаева	https://nikvesti.com/news/None
56121	2014-07-14	Победители Николаевского областного конкурса проектов развития местного самоуправления получат 765 тысяч гривен	https://nikvesti.com/news/None
56546	2014-07-24	Депутаты создадут новую комиссию по проверке питания в школах и детских садах	https://nikvesti.com/news/None
56551	2014-07-24	Задолженность в 3 миллиона КП "Гуртожиток" натолкнула депутатов на мысль реорганизовать предприятие	https://nikvesti.com/news/None
56560	2014-07-24	Депутаты снова создали контрольную комиссию по коммунальному предприятию, кормящему детей гнилой морковью	https://nikvesti.com/news/None
56562	2014-07-24	Гранатуров выразил готовность проводить «земельные» сессии каждый месяц	https://nikvesti.com/news/None
56850	2014-07-30	Николаевские депутаты создали комиссию в противовес Гранатурову, чтоб без чиновников бороться с плохим питанием в детсадах	https://nikvesti.com/news/None
57590	2014-08-15	Воронов не знает, зачем горсовет платит телеканалу «Март», если туда даже мэр не ходит	https://nikvesti.com/news/None
57593	2014-08-15	В горсовете похвастались, что несмотря на сбои в финансировании, ремонт дорог в Николаеве все-таки выполняется	https://nikvesti.com/news/None
57639	2014-08-16	«Спасибо, Герои» - Николаев встретил бойцов спецбатальона «Святой Николай», которые вернулись из зоны АТО	https://nikvesti.com/news/None
57805	2014-08-20	Телекомпания «МАРТ» опубликовала открытое письмо:  «Мы не финансируемся из городского бюджета»	https://nikvesti.com/news/None
57917	2014-08-23	Жители Вознесенского района рассказали Григоряну о «наболевшем» – о перевозчиках и газе	https://nikvesti.com/news/None
58223	2014-08-31	Николаев в память о погибших на Донбассе собрал из свечей герб Украины	https://nikvesti.com/news/None
58620	2014-09-09	Николаевские депутаты не верят в сказки про работу КУ «Сказка»	https://nikvesti.com/news/None
58678	2014-09-11	Открылось заседание сессии Николаевского горсовета	https://nikvesti.com/news/None
58685	2014-09-11	Депутаты обязали магазины Николаева маркировать товары из России	https://nikvesti.com/news/None
58873	2014-09-16	Депутаты кнопкодавят: онлайн-репортаж заседания сессии Николаевского горсовета	https://nikvesti.com/news/None
58901	2014-09-16	Воронов назвал преступным отсутствие прямого эфира сессий на коммунальном телеканале	https://nikvesti.com/news/None
58925	2014-09-16	Деятели культуры Николаева протестуют из-за задержания директора ДК «Молодежный» Захаровой	https://nikvesti.com/news/None
59614	2014-10-02	Гранатуров предложил Воронову место директора коммунального телеканала. Депутат согласился, но мэр быстро передумал	https://nikvesti.com/news/None
60134	2014-10-15	Николаевские депутаты намерены снести все «позвонишки» и уже готовят проект решения на сессию горсовета	https://nikvesti.com/news/None
60487	2014-10-24	Гранатуров ждет трудной зимы и просит жителей Николаева включиться в уборку снега	https://nikvesti.com/news/None
60502	2014-10-24	В Николаеве отремонтированный за 17 миллионов детсад открыли в последний день агитации при участии Козыря	https://nikvesti.com/news/None
60609	2014-10-26	Известные николаевцы пришли на избирательные участки, чтобы проголосовать за новый состав парламента	https://nikvesti.com/news/None
61069	2014-11-05	Николаев готовится к зиме: Департамент ЖКХ купит навесное оборудование для очистки снега	https://nikvesti.com/news/None
61084	2014-11-06	Минобороны хочет забрать ДОФ в Николаеве — депутаты против	https://nikvesti.com/news/None
61371	2014-11-12	Сносить нельзя оставить: вопрос с «позвонишками» Николаевский горсовет все-таки рассмотрит на завтрашней сессии горсовета	https://nikvesti.com/news/None
61401	2014-11-13	Владельцы киосков «Позвони» пикетируют горсовет и угрожают Воронову, Дроботу и Омельчуку "мусорной люстрацией"	https://nikvesti.com/news/None
61402	2014-11-13	Открылось заседание сессии Николаевского городского совета	https://nikvesti.com/news/None
61413	2014-11-13	Говорили-балакали: депутатам не хватило 2 часов, чтоб решить вопрос с «позвонишками» в Николаеве	https://nikvesti.com/news/None
61419	2014-11-13	Депутаты в кулуарах сказали мэру, что продолжат сессию после выборов секретаря — заседание перенесли	https://nikvesti.com/news/None
61434	2014-11-13	«Не надо спихивать свою безответственность на депутатский корпус» — Воронов открыто обвинил Гранатурова на сессии	https://nikvesti.com/news/None
61450	2014-11-14	Россия отложила отправку очередного «гумконвоя» в Донбасс	https://nikvesti.com/news/None
61509	2014-11-16	Седьмой конвой Путина пересек украинскую границу	https://nikvesti.com/news/None
61528	2014-11-17	Гранатуров снова перенес продолжение скандальной сессии	https://nikvesti.com/news/None
61540	2014-11-17	Мудрак считает, что Гранатурова устраивает отсутствие секретаря в горсовете	https://nikvesti.com/news/None
61538	2014-11-17	Копейка убежден, что сессию Николаевского горсовета перенесли из-за вопроса «позвонишек»	https://nikvesti.com/news/None
61569	2014-11-17	Гранатуров отрицает наличие в горсовете конфликта между мэром и депутатами	https://nikvesti.com/news/None
61572	2014-11-17	Воронов считает, что между мэром и депутатским корпусом есть недоверие и непонимание	https://nikvesti.com/news/None
61618	2014-11-19	Под стенами николаевской мэрии протестуют против запрета «позвонишек»: «Депутаты, не отбирайте у нас кусок хлеба»	https://nikvesti.com/news/None
61624	2014-11-19	Открылось заседание сессии Николаевского городского совета	https://nikvesti.com/news/None
61621	2014-11-19	Депутаты готовятся избрать секретарем горсовета бывшего директора ЧСЗ	https://nikvesti.com/news/None
61627	2014-11-19	Секретарем Николаевского городского совета стал человек, связанный с Новинским	https://nikvesti.com/news/None
61639	2014-11-19	Вернуть историческое название площади Ленина в Николаеве можно и без слушаний, но депутаты решили их провести	https://nikvesti.com/news/None
61666	2014-11-20	Нардеп Козырь создал группу в горсовете Николаева и назначил там руководителем Карцева	https://nikvesti.com/news/None
61732	2014-11-21	Янишевская рассказала будущим политологам о теории поколений и о том, как реализовать себя в жизни	https://nikvesti.com/news/None
62076	2014-11-30	Очередной гумконвой Путина прибыл к украинской границе	https://nikvesti.com/news/None
62222	2014-12-03	Гранатуров обвинил Воронова в том, что он науськивает на него николаевских журналистов	https://nikvesti.com/news/None
62231	2014-12-03	Гранатуров выполнил 42% своих обещаний, - представители проекта «Слово и Дело»	https://nikvesti.com/news/None
62265	2014-12-04	Гранатуров пообещал провести проверку для Женжерухи на предмет его причастности к коррупции	https://nikvesti.com/news/None
62622	2014-12-12	Власти Николаева решились на децентрализацию и хотят лишить полномочий Департамент ЖКХ в пользу районных администраций	https://nikvesti.com/news/None
63012	2014-12-21	Николаевская коммунальная телекомпания закупила видеокамер на 400 тысяч	https://nikvesti.com/news/None
63627	2015-01-07	Телекомпания «МАРТ» потратила ещё 180 тысяч на покупку видеокамер	https://nikvesti.com/news/None
63912	2015-01-14	Загоревшийся прицеп с ульями едва не стал причиной большого пожара на Николаевщине	https://nikvesti.com/news/None
63947	2015-01-14	В мэрии не слышали о проблеме расовой нетерпимости в ресторане «Сотка»	https://nikvesti.com/news/None
63953	2015-01-14	Воронов поругался с Болтянским - депутаты устроили громкую перепалку и крики на бюджетной комиссии	https://nikvesti.com/news/None
63955	2015-01-15	Участники АТО получат из городского бюджета Николаева 1 миллион на изготовление проектов землеустройства	https://nikvesti.com/news/None
63957	2015-01-15	В Николаеве хотят утвердить городскую программу реформирования ЖКХ, рассчитанную на следующую пятилетку	https://nikvesti.com/news/None
64038	2015-01-16	Профильная комиссия начала рассматривать проект бюджета Николаева – Воронов хочет выделить средства на БСМП	https://nikvesti.com/news/None
64209	2015-01-20	Депутаты требуют увольнения Шуличенко за недоедание детей: «нормы питания не выполняются даже на 30%»	https://nikvesti.com/news/None
64334	2015-01-22	На сессии депутаты горсовета заслушают отчеты Гранатурова, Палия и Кобы	https://nikvesti.com/news/None
64365	2015-01-23	Началась самая «горячая» сессия горсовета за последнее время — утвержден бюджет	https://nikvesti.com/news/None
64373	2015-01-23	Николаев получил Программу экономического и социального развития на 2015-2018 годы	https://nikvesti.com/news/None
64377	2015-01-23	Депутаты утвердили пятилетнюю программу реформирования ЖКХ в Николаеве	https://nikvesti.com/news/None
64386	2015-01-23	В горсовете создали депутатскую группу «Блок за Николаев»	https://nikvesti.com/news/None
64396	2015-01-23	Депутаты собрали 60 тысяч за картины с благотворительного аукциона для лечения николаевского «киборга»	https://nikvesti.com/news/None
64388	2015-01-23	Николаевские депутаты заговорили о необходимости строительства дорожек и парковок для велосипедистов	https://nikvesti.com/news/None
64590	2015-01-28	Депутаты собрались на отчетную сессию городского совета	https://nikvesti.com/news/None
64597	2015-01-28	Ставку местного налога на недвижимость в Николаеве утвердят через две недели	https://nikvesti.com/news/None
64783	2015-01-31	Мурлян рассказала, что будет использовать волонтерство для политики и выборов	https://nikvesti.com/news/None
64788	2015-01-31	Боевики предлагают жителям Горловки выезжать в Ростов	https://nikvesti.com/news/None
65155	2015-02-08	Воронов запросил от Роздобудько стратегию развития спорта в Николаеве	https://nikvesti.com/news/None
65182	2015-02-09	Жители отдаленных николаевских сел могут снимать наличные средства с карт ПриватБанка в отделениях «Укрпочты»	https://nikvesti.com/news/None
65474	2015-02-14	Россия направит 14-й "гумконвой" на Донбасс 15 февраля	https://nikvesti.com/news/None
65488	2015-02-15	Новый кремлевский «гумконвой» уже на границе с Украиной	https://nikvesti.com/news/None
65712	2015-02-19	После победы на тендере стройфирма просит у горсовета еще денег на реконструкцию амфитеатра в "Сказке"	https://nikvesti.com/news/None
65728	2015-02-19	Стоимость термомодернизации библиотеки Кропивницкого выросла в 6 раз за 14 лет - в бюджете денег нет	https://nikvesti.com/news/None
65737	2015-02-20	На Донбасс незаконно заехал новый «гумконвой» из России	https://nikvesti.com/news/None
65760	2015-02-20	Вместо строительства новых амбулаторий депутаты предложили направить средства на ремонт БСМП	https://nikvesti.com/news/None
65882	2015-02-23	Гранатуров распустил рабочую группу по реформе исполкома и создал новую, в которой больше половины членов – его подчиненные	https://nikvesti.com/news/None
65923	2015-02-24	К 72 николаевским депутатам, которых собираются обвинить в коррупции, добавилось еще семеро	https://nikvesti.com/news/None
65979	2015-02-25	Со следующей недели в Николаеве начнется ремонт дорог	https://nikvesti.com/news/None
65980	2015-02-25	В Николаеве возмущенные водители провели странный пикет: мэра не звали, фотографировали журналистов и кричали на депутатов	https://nikvesti.com/news/None
66055	2015-02-27	Бюджетная комиссия заморозила деньги на уборку мусора и демонтаж, пока чиновники не отчитаются перед депутатами	https://nikvesti.com/news/None
66062	2015-02-27	Жители Николаева скинулись военным на внедорожник	https://nikvesti.com/news/None
66053	2015-02-27	Очередной «гумконвой» для Донбасса прибыл на границу с Украиной	https://nikvesti.com/news/None
66088	2015-02-27	«Это буря в стакане» - Гранатуров не понимает ажиотажа вокруг прокурорской проверки горсовета	https://nikvesti.com/news/None
66106	2015-02-28	«Я не верю, что прокурор мог допустить подобного рода «ляпсусы» - депутат горсовета о письме Палия	https://nikvesti.com/news/None
66119	2015-02-28	«Это проверка его отношений с депутатами» - Кузовлев о письме Палия Гранатурову	https://nikvesti.com/news/None
66729	2015-03-15	Внеочередной гумконвой РФ пересек украинскую границу	https://nikvesti.com/news/None
67533	2015-04-01	Депутаты бюджетной комиссии решили не финансировать уборку стихийных свалок	https://nikvesti.com/news/None
67535	2015-04-01	Волков саботирует борьбу с незаконной торговлей, впустую потратив деньги на демонтаж	https://nikvesti.com/news/None
67539	2015-04-01	Завод олигарха Новинского просит, чтобы Николаевский горсовет освободил его от земельного налога	https://nikvesti.com/news/None
67536	2015-04-01	Для Николаева хотят купить 13 троллейбусов, 10 трамваев и начать ремонт Потемкинской	https://nikvesti.com/news/None
68144	2015-04-15	Депутаты Центрального района предложили вместо строительства спортплощадки в «Сердце города» отремонтировать дороги	https://nikvesti.com/news/None
68145	2015-04-15	На уборку дорог Центрального района в этом году хотят потратят около 20 миллионов гривен	https://nikvesti.com/news/None
68155	2015-04-15	Комиссия Баева хочет, чтобы Гранатуров согласовывал назначения на коммунальных предприятиях с депутатами	https://nikvesti.com/news/None
68346	2015-04-20	Николаевщина отправила бойцам добровольческого корпуса 3 тонны гуманитарного груза	https://nikvesti.com/news/None
68619	2015-04-27	Воронов обвинил мэрию в отсутствии условий для развития ОСМД	https://nikvesti.com/news/None
69290	2015-05-14	Открылось заседание сессии Николаевского городского совета	https://nikvesti.com/news/None
69297	2015-05-14	Шевченко утвердили полноценным заместителем Гранатурова	https://nikvesti.com/news/None
69301	2015-05-14	«Не надо нас спасать – мы себя сами спасём» – николаевский депутат попросила Ильюка и коммунистов не пиариться на «Зоре»-«Машпроект»	https://nikvesti.com/news/None
69394	2015-05-15	Милиция проводит обыск в Молодежном центре Николаева	https://nikvesti.com/news/None
69502	2015-05-19	Депутат предложила СБУ заняться Вороновым, который инициировал обращение горсовета к парламенту по поводу «Зори»	https://nikvesti.com/news/None
69902	2015-05-27	Мэрия летом хочет купить 25 троллейбусов и 10 трамваев за 30 миллионов	https://nikvesti.com/news/None
69905	2015-05-27	«Чего ты в каждую дырку засовываешь мэра?» — Кантор устроил словесную перепалку с Вороновым	https://nikvesti.com/news/None
70289	2015-06-05	У Гранатурова самый низкий рейтинг в Заводском районе, самый высокий — в Центральном :bar_chart:	https://nikvesti.com/news/None
70781	2015-06-16	Комиссия «по гнилой морковке» уже полгода ждет реакции мэрии на выявленные нарушения	https://nikvesti.com/news/None
70825	2015-06-16	Защитники и критики Гранатурова, срывая голос, кричали друг на друга ради качественного детского питания	https://nikvesti.com/news/None
70896	2015-06-18	Депутаты собрались на сессию горсовета, чтоб перераспределить больше 200 миллионов «перевыполнения» бюджета	https://nikvesti.com/news/None
70932	2015-06-18	Исполнителей ночного демонтажа Ленина ждет наказание, - начальник милиции Николаева	https://nikvesti.com/news/None
72769	2015-07-27	Члены рабочей группы по троллейбусам не смогли договориться, зачем они собрались и как будут проверять закупленный транспорт	https://nikvesti.com/news/None
73689	2015-08-13	Гранатуров уволил Шуличенко, поставлявшую в детсады Николаева гнилые овощи :clap:	https://nikvesti.com/news/None
73705	2015-08-13	«Перед выборами назрела необходимость» — Курченко прокомментировал увольнение Шуличенко :speech_balloon:	https://nikvesti.com/news/None
73747	2015-08-14	Исполком единогласно принял скандальное решение по узакониванию «Позвонишек» на Советской, а Гранатуров «внезапно» отсутствовал	https://nikvesti.com/news/None
73764	2015-08-14	Воронов инициирует отмену горсоветом скандального решения исполкома по «Позвонишкам» :speech_balloon:	https://nikvesti.com/news/None
73777	2015-08-14	У Гранатурова дали добро на установку еще 12 сити-лайтов на Советской	https://nikvesti.com/news/None
74848	2015-09-05	Партия Хомутынника думает над тем, кого выдвинуть в мэры Николаева — Ильюка или Воронова	https://nikvesti.com/news/None
74969	2015-09-08	Ильюк объявил Воронова кандидатом в мэры от «Відродження»	https://nikvesti.com/news/None
75017	2015-09-09	В Николаеве поздравили держателя 100 000 пенсионной карты ПриватБанка	https://nikvesti.com/news/None
75178	2015-09-11	Вперед и с песней!	https://nikvesti.com/news/None
75324	2015-09-15	После часового обсуждения депутаты внесли изменения в бюджет Николаева	https://nikvesti.com/news/None
75639	2015-09-21	В Николаеве порезали агитационную палатку «Відродження»	https://nikvesti.com/news/None
75656	2015-09-21	Кандидат в депутаты от «Нашего края» обвинил Ильюка и Воронова в проблеме с маршрутками в Матвеевке :bus:	https://nikvesti.com/news/None
75929	2015-09-26	Партия «Відродження» отправила 50 кандидатов в горсовет, 47 в облсовет, и Воронова  - в мэры Николаева	https://nikvesti.com/news/None
75931	2015-09-26	Сенкевич, Воронов и «клон» Дятлова официально стали кандидатами в мэры Николаева	https://nikvesti.com/news/None
75984	2015-09-28	Список «Оппозиционного блока» в Николаевский облсовет возглавил нардеп Нечаев	https://nikvesti.com/news/None
76023	2015-09-29	В милиции заявили, что их сотрудника без его ведома внесли в список «Оппоблока»	https://nikvesti.com/news/None
76177	2015-10-01	Горизбирком зарегистрировал 21 кандидата в мэры Николаева	https://nikvesti.com/news/None
76180	2015-10-02	Ильюк и Воронов организовали концерт для пенсионеров и проверили ремонт в «Юности»	https://nikvesti.com/news/None
76198	2015-10-02	Николаевские спасатели поздравили сотрудников службы гражданской защиты в отставке с Днем ветерана :bouquet:	https://nikvesti.com/news/None
76211	2015-10-02	Николаевская команда КВН прославилась в Высшей лиге Эстонии	https://nikvesti.com/news/None
76229	2015-10-02	В Николаеве можно выиграть ноутбук и планшет за селфи с учителем	https://nikvesti.com/news/None
76240	2015-10-02	В Николаеве должна быть муниципальная надбавка для учителей и воспитателей садов, - партия «Відродження»	https://nikvesti.com/news/None
76230	2015-10-02	Уровень террористической угрозы на Николаевщине по сравнению с прошедшей неделей не изменился, - ИС	https://nikvesti.com/news/None
76255	2015-10-03	Отгремела эпичная оркестровая битва между одесситами из Hardy Orchestra и николаевцами из Performance Big Band	https://nikvesti.com/news/None
76364	2015-10-05	За селфи с учителем школьники из Николаева выиграли ноутбук, планшет и монопод :computer:	https://nikvesti.com/news/None
76376	2015-10-06	Два самовыдвиженца сняли свои кандидатуры на выборах мэра Николаева	https://nikvesti.com/news/None
76389	2015-10-06	В Заводском районе краской испортили 10 билбордов "Укропа", "Оппозиционного блока" и кандидата в мэры Воронова	https://nikvesti.com/news/None
76480	2015-10-07	Горизбирком утвердил бюллетени на выборах мэра Николаева и депутатов горсовета	https://nikvesti.com/news/None
76483	2015-10-07	«Аварии на коллекторах пошли одна за одной» — Воронов напомнил, что настаивал на дополнительных средствах для водоканала	https://nikvesti.com/news/None
76484	2015-10-07	Гранатуров отчитался, что после аварии в Ленинском районе вода уже поступает в дома николаевцев	https://nikvesti.com/news/None
76541	2015-10-09	Воронов: Число чиновников сократить, заменив на эффективных менеджеров c высокой зарплатой :speech_balloon:	https://nikvesti.com/news/None
76583	2015-10-09	Воронов заявил, что нынешней городской власти нечего предложить молодежи	https://nikvesti.com/news/None
76625	2015-10-11	Воронов рассказал жителям Матвеевки, что нынешний состав мэрии не способен решить транспортную проблему	https://nikvesti.com/news/None
76653	2015-10-12	«Агитатор со стажем» рассказала, что Кибзун пыталась нанять ее для срыва встреч Воронова и других кандидатов	https://nikvesti.com/news/None
76990	2015-10-18	В Николаеве прошел автопробег «За возрождение достойных дорог»	https://nikvesti.com/news/None
77051	2015-10-19	Воронов рассказал, что сделает на посту мэра Николаева в первую очередь	https://nikvesti.com/news/None
77056	2015-10-20	В Николаеве чиновник, отвечающий за правила благоустройства, сам их нарушает своими предвыборными листовками	https://nikvesti.com/news/None
77106	2015-10-20	Воронов: Николаев оказался не готов к зиме	https://nikvesti.com/news/None
77110	2015-10-20	Ильюк рассказал, почему не баллотируется в мэры Николаева	https://nikvesti.com/news/None
77226	2015-10-22	Николаевцы заявили, что  ЖЭК поставил их под удар, сняв тепловой счетчик	https://nikvesti.com/news/None
77230	2015-10-23	Активная молодежь Николаева и Воронов поддержали друг друга	https://nikvesti.com/news/None
77296	2015-10-23	Воронов отчитался перед избирателями за свою деятельность в качестве депутата Николаевского горсовета	https://nikvesti.com/news/None
77301	2015-10-23	Горизбирком обнародовал финансовые отчеты кандидатов в мэры Николаева: больше всех потратился Гранатуров	https://nikvesti.com/news/None
80353	2015-12-21	Мериков стал гостем второго сезона проекта «Игра слов»	https://nikvesti.com/news/None
80556	2015-12-24	Гранатуров в «Игре слов» рассказал о своих будущих политических перспективах: «На ступень ниже не стану никогда»	https://nikvesti.com/news/None
80879	2015-12-30	«Уволенная» Шуличенко продолжает работать директором КП, поставляющим гнилые овощи в детсады	https://nikvesti.com/news/None
81344	2016-01-13	Незадолго до собственного увольнения Андриенко отменил распоряжение Гранатурова об увольнении Шуличенко :exclamation:	https://nikvesti.com/news/None
83340	2016-02-18	В Николаеве директор рекламного агентства призвал коллег убрать по 25% внешней рекламы	https://nikvesti.com/news/None
83894	2016-02-29	Степанец предложил разработать новый контракт с руководителями КП, усилив возможность его расторжения	https://nikvesti.com/news/None
85231	2016-03-25	Скандальной чиновнице Шуличенко предложили уволиться по согласованию сторон	https://nikvesti.com/news/None
87022	2016-04-29	«Самопомощь» не будет выносить проект структуры на сессию: «Это исключительно компетенция мэра» :speech_balloon:	https://nikvesti.com/news/None
87057	2016-04-29	Пока власти Николаева думают, от ледового катка остался только купол	https://nikvesti.com/news/None
87876	2016-05-17	«Там оказывают агрессивное физическое сопротивление» — У Сенкевича нашли официальное оправдание, почему годами не сносят «позвонишки» на Рюмина	https://nikvesti.com/news/None
88595	2016-05-31	Ночью активист и бывший депутат скрутили вора, который пытался угнать машину журналиста	https://nikvesti.com/news/None
89577	2016-06-19	На Николаевщине микроавтобус с пассажирами столкнулся лоб в лоб с «Жигули». Пострадало 11 человек	https://nikvesti.com/news/None
89716	2016-06-22	Активисты признались, что бойцы «Правого сектора» вскрыли помещение Молодежного центра, опечатанное полицией	https://nikvesti.com/news/None
90340	2016-07-06	На Херсонщине микроавтобус с пассажирами из Николаева столкнулся с КАМАЗом :bus:	https://nikvesti.com/news/None
90522	2016-07-09	Николаевцы простились с известным журналистом Чичениным	https://nikvesti.com/news/None
93505	2016-09-02	Дятлов подсказал Сенкевичу, где взять денег на строительство ледовой арены в Николаеве :ski:	https://nikvesti.com/news/None
94033	2016-09-11	Workout площадку открыли в «Сердце города»	https://nikvesti.com/news/None
98981	2016-12-11	«Мы и так знаем бабу Катю». На выборах на Николаевщине избирательнице выдали бюллетень без предъявления паспорта	https://nikvesti.com/news/None
102263	2017-02-08	Николаевец упрекнул Сенкевича, что в травмпункте БСМП «людей держат, как скот» :speech_balloon:	https://nikvesti.com/news/None
102408	2017-02-10	Важен не факт объединения, а его результаты, – журналист о союзе «Оппоблока» и «Самопомощи» в Николаевском горсовете :speech_balloon:	https://nikvesti.com/news/None
102423	2017-02-10	«Время Казаковой еще не настало» — политтехнолог о мэрских амбициях секретаря горсовета :speech_balloon:	https://nikvesti.com/news/None
102718	2017-02-15	Ильюк заговорил о возможном выдвижении в мэры: «Возьму ответственность за весь Николаев»	https://nikvesti.com/news/None
105756	2017-04-05	Спустя 3 дня, чиновники так и не навели порядок на остановке после «выездного совещания» Сенкевича	https://nikvesti.com/news/None
105808	2017-04-06	Воронов сам убрал урну с тротуара, спустя 3 дня после того, как Сенкевич поручил это своим подчиненным	https://nikvesti.com/news/None
106656	2017-04-20	В Николаеве депутаты от «Возрождения» стали волонтерами-донорами крови для отделения детской травматологии	https://nikvesti.com/news/None
107909	2017-05-11	Скандального «бездомного», лежавшего у мэрии Николаева, привели туда двое неизвестных :information_source:	https://nikvesti.com/news/None
107988	2017-05-11	В Департаменте ЖКХ оправдались за упреки в неухоженных клумбах	https://nikvesti.com/news/None
109191	2017-05-30	Воронов о Сенкевиче: Он забывает, что он мэр города, а не общественник	https://nikvesti.com/news/None
109683	2017-06-07	Ремонт от Сенкевича: Дорогу вдоль трамвайных колей укатали асфальтом за 2,3 миллиона гривен	https://nikvesti.com/news/None
109869	2017-06-10	При падении планера в Ровенской области погибли два человека	https://nikvesti.com/news/None
109872	2017-06-11	На Николаевщине сегодня проходят внеочередные выборы в двух сельских советах	https://nikvesti.com/news/None
111740	2017-07-11	Апелляционный суд закрыл производство, связанное с коррупцией, против депутата Снигиревского горсовета	https://nikvesti.com/news/None
114454	2017-08-23	Российский суд отправил известного режиссера Серебренникова под домашний арест, ему «шьют» мошенничество	https://nikvesti.com/news/None
114609	2017-08-27	На Николаевщине горело здание площадью 500 квадратных метров – спасатели подозревают поджог :fire:	https://nikvesti.com/news/None
116825	2017-10-02	Николаевский русдрам и народный артист Остафийчук открыли 84-й театральный сезон легендарным спектаклем	https://nikvesti.com/news/None
119705	2017-11-17	«Я с улыбкой в родной кабинет по балкону вернусь» — песня о Сенкевиче взорвала зал	https://nikvesti.com/news/None
120667	2017-12-03	Жолобецкий просит прокуратуру проверить законность размещения частного катка на главной площади Николаева	https://nikvesti.com/news/None
123820	2018-01-26	Савченко отчитался, как ОТГ на Николаевщине потратили 83 миллиона госсубвенции	https://nikvesti.com/news/None
124642	2018-02-08	В Киеве состоялся второй этап конкурса на должность продюсера телеканала «Николаев»	https://nikvesti.com/news/None
126395	2018-03-06	Казакова назначила Воронова директором «Агентства развития Николаева»	https://nikvesti.com/news/None
126760	2018-03-13	Николаевцам через две недели представят эскиз реконструкции парка Победы	https://nikvesti.com/news/None
127759	2018-03-28	«Такого наглого вмешательства еще не было» – в Вознесенске ищут управу на нелегального перевозчика	https://nikvesti.com/news/None
128173	2018-04-03	В николаевских школах появились контейнеры для сбора упаковки от тетра-паков	https://nikvesti.com/news/None
128607	2018-04-10	Палько оправдался, почему его Департамент вопреки обещаниям ничего не сделал для реконструкции парка Победы в Николаеве	https://nikvesti.com/news/None
128992	2018-04-16	«Ощущение, что надежда умирает последней», - мэр Николаева об ужасном состоянии спорткомплекса «Надежда»	https://nikvesti.com/news/None
129545	2018-04-25	Николаевские чиновники и проектанты решали, что делать с шахматной школой – ремонтировать старую или строить новую	https://nikvesti.com/news/None
129562	2018-04-25	«Никаких достроек. Точка», - нардеп Креминь ответил «уважаемым нибулоновцам» по поводу идеи Вадатурского достроить пару этажей шахматной школы	https://nikvesti.com/news/None
130021	2018-05-03	Сенкевич попросил Омеляна помочь вокзалу Николаева принимать столичный поезд на первом перроне	https://nikvesti.com/news/None
130168	2018-05-06	Реконструированную набережную у Речного вокзала откроют в июле этого года	https://nikvesti.com/news/None
130237	2018-05-07	В Киеве открыли цветочное панно «Олимпийское золото» в честь николаевского фристайлиста Абраменко	https://nikvesti.com/news/None
130696	2018-05-15	В Николаеве планируют восстановить брусчатку на Набережной вдоль стены судостроительной верфи	https://nikvesti.com/news/None
130968	2018-05-18	Сенкевич поручил первому вице-мэру Крыленко, Администрации мэра и «Агентству развития» визуализировать все городские проекты	https://nikvesti.com/news/None
131084	2018-05-20	Перед депутатами Николаевского горсовета инициируют вопрос капремонта дома творчества Ингульского района	https://nikvesti.com/news/None
132367	2018-06-07	Сенкевич креативно подошёл к бюджету Николаева, подготовив для депутатов презентацию изменений	https://nikvesti.com/news/None
132817	2018-06-14	Депутаты от «Оппоблока» Веселовская и Манзюк обиделись, что их не зовут «перерезать ленточки» в Николаеве	https://nikvesti.com/news/None
134896	2018-07-13	В мэрии Николаева обсудили проект реконструкции Ингульской администрации под новый ЦНАП	https://nikvesti.com/news/None
136666	2018-08-06	В Николаеве приступили к работам по восстановлению брусчатки на Набережной вдоль стены судостроительной верфи	https://nikvesti.com/news/None
136762	2018-08-07	Николаевский Департамент ЖКХ заплатит 170 тысяч гривен за демонтаж старого асфальта вдоль стены судостроительной верфи	https://nikvesti.com/news/None
138755	2018-09-04	В «Агентстве развития» занялись программой по созданию шахматных кружков при каждой школе Николаева	https://nikvesti.com/news/None
138761	2018-09-04	«Бухай-гуляй» — мэр Сенкевич назвал уродскими киоски на остановке «Соборная» в Николаеве	https://nikvesti.com/news/None
138760	2018-09-04	В мэрии Николаева планируют продлить нижнюю Набережную за Ингульский мост	https://nikvesti.com/news/None
138768	2018-09-04	Депутат Мотуз предложил снести тополя в Николаеве: «Мы их садили в 60-х годах по своей бедности»	https://nikvesti.com/news/None
139448	2018-09-12	Воронов написал заявление об увольнении из «Агентства развития Николаева»	https://nikvesti.com/news/None
141064	2018-10-03	В Николаеве возле Департамента ЖКХ живое дерево «кронировали» ковшом экскаватора	https://nikvesti.com/news/None
143636	2018-11-04	Агентство развития работает над программой реставрации фасадов и сохранения исторического центра Николаева	https://nikvesti.com/news/None
145871	2018-11-30	«Город должен сохранить свое лицо»: в Николаеве задумали большую реставрацию центра города	https://nikvesti.com/news/None
146205	2018-12-05	Зеленые зоны и газон с автополивом: Сенкевич рассказал, какой будет набережная Николаева после реконструкции	https://nikvesti.com/news/None
146896	2018-12-15	На Николаевщине фермеры навели грабителей на других фермеров в соседнем районе	https://nikvesti.com/news/None
148515	2019-01-08	Николаеве состоялся новогодний турнир по футзалу среди ветеранских команд	https://nikvesti.com/news/None
149045	2019-01-15	В Винницкой области столкнулись бензовоз, грузовик и легковушка	https://nikvesti.com/news/None
149374	2019-01-18	На Прикарпатье нашли уникальные документы УПА и шарж на Шухевича	https://nikvesti.com/news/None
153453	2019-03-11	В мэрии закажут проект реконструкции стены судостроительной верфи на Набережной почти за полмиллиона	https://nikvesti.com/news/None
154871	2019-03-28	На Николаевщине на ремонте дома культуры из бюджета похитили 145 тысяч гривен	https://nikvesti.com/news/None
155823	2019-04-08	Серебренникова отпустили под подписку о невыезде	https://nikvesti.com/news/None
156440	2019-04-16	На Николаевщине пансионат незаконно передал в субаренду 62 гектара земли стоимостью более полутора миллиона гривен	https://nikvesti.com/news/None
157652	2019-05-03	Внутренний дворик ДОФа в Николаеве станет культурно-образовательной площадкой	https://nikvesti.com/news/None
159028	2019-05-22	На Николаевщине после обработки полей химикатами массово погибли пчелы	https://nikvesti.com/news/None
159328	2019-05-25	Глава Николаевского облсовета Москаленко хочет продать «Искру» и назвала стоимость: 197 тысяч гривен	https://nikvesti.com/news/None
159513	2019-05-28	«У вас нет никакой позиции», – Директор Агентства развития Воронов заявил, что главный архитектор Николаева превращает тротуары города в торговые ряды	https://nikvesti.com/news/None
159560	2019-05-28	Неделю назад в Николаеве горело здание кинотеатра «Искра», которое собирается продать глава облсовета Москаленко	https://nikvesti.com/news/None
159688	2019-05-30	На Николаевщине будут судить группу воров-домушников из Одессы	https://nikvesti.com/news/None
159769	2019-05-31	На Николаевщине в результате ДТП пострадал мужчина	https://nikvesti.com/news/None
159881	2019-06-02	В ДТП на Николаевщине погибли двое водителей, среди которых полицейский, травмирована женщина-пассажир	https://nikvesti.com/news/None
160243	2019-06-07	В Дубае разбился туристический автобус, 17 погибших	https://nikvesti.com/news/None
160305	2019-06-07	Главный архитектор Николаева пообещал к концу июня снести навесы на цветочном рынке	https://nikvesti.com/news/None
160381	2019-06-09	Николаевец Арахамия в первой пятерке списка «Слуги народа» на парламентских выборах	https://nikvesti.com/news/None
160750	2019-06-13	Опубликован полный партсписок «Слуги народа»	https://nikvesti.com/news/None
162299	2019-07-04	«Будем 10 июля сносить», – Сенкевич в очередной раз пообещал убрать навесы цветочного рынка на тротуаре по Спасской	https://nikvesti.com/news/None
162679	2019-07-09	«Я заеду на тракторе и снесу», - мэр Николаева Сенкевич пригрозил владельцу цветочного рынка на Спасской	https://nikvesti.com/news/None
162680	2019-07-09	Владелец цветочного рынка по Спасской так и не освободил тротуар и просит еще времени	https://nikvesti.com/news/None
163792	2019-07-23	Директор «Агентства развития Николаева» предложил сделать из крейсера «Украины» музей и место для мероприятий	https://nikvesti.com/news/None
164325	2019-08-01	Владельцы цветочного рынка по Спасской начали частично демонтировать незаконные навесы	https://nikvesti.com/news/None
164878	2019-08-09	«Печально, что приходится тратить столько времени впустую», — директор Агентства развития Воронов о затягивании с реконструкцией фонтана «Лебеди»	https://nikvesti.com/news/None
165110	2019-08-13	Несмотря на ультиматум Сенкевича, торговцы цветами продолжают занимать тротуар на Спасской	https://nikvesti.com/news/None
165676	2019-08-21	Сенкевич выступил за сохранение цветочного рынка на Спасской: «Цветы в любом случае нужны»	https://nikvesti.com/news/None
165695	2019-08-21	ЦИК зарегистрировала нардепом николаевца Арахамию	https://nikvesti.com/news/None
166075	2019-08-28	К 230-летию Николаева возле «Надежды» откроют зеленую зону с арт-объектом	https://nikvesti.com/news/None
166147	2019-08-28	Воронов предложил сделать из крейсера «Украина» музей и установить его возле «Дикого Сада» в Николаеве	https://nikvesti.com/news/None
166153	2019-08-29	«Нам сам Бог велел», - Воронов считает, что Николаев должен стать городом фонтанов	https://nikvesti.com/news/None
166154	2019-08-29	На месте старого катка в Николаеве планируют сделать скейтпарк под открытым небом	https://nikvesti.com/news/None
166297	2019-08-30	«Было время разбрасывать камни, но пришло время их собирать», - Воронов считает, что нужно убрать из парков и скверов Николаева будки	https://nikvesti.com/news/None
166419	2019-09-01	Зеленского просят превратить простаивающий в Николаеве крейсер «Украина» в музей и перевести его в Одессу	https://nikvesti.com/news/None
166458	2019-09-02	Торгующие цветами на Спасской спустя 5 месяцев таки освободили тротуар и обещают быть «цивилизованными»	https://nikvesti.com/news/None
166493	2019-09-02	Глава облсовета Москаленко ответила Воронову и потребовала отдать ДОФ взамен «Искры»	https://nikvesti.com/news/None
166578	2019-09-03	Демченко заявила, что позиция Москаленко по «Искре» и ДОФу ей неинтересна: «Сама не съем и другому не дам»	https://nikvesti.com/news/None
166661	2019-09-04	На месте бывшего катка в Николаеве начали обустройство скейтпарка под открытым небом	https://nikvesti.com/news/None
167500	2019-09-14	«Каждый из нас создает свой город», - в Николаеве открыли арт-объект «МЫ» к 230-летию со дня основания города	https://nikvesti.com/news/None
167504	2019-09-15	В США рассекретили информацию о птицах-шпионах времен холодной войны	https://nikvesti.com/news/None
167724	2019-09-18	Воронов показал фото проделанных работ на территории нового скейт-парка в Николаеве	https://nikvesti.com/news/None
167923	2019-09-20	«Укроборонпром» рассмотрит вариант продажи николаевского крейсера «Украина»	https://nikvesti.com/news/None
168712	2019-10-01	Губернатор Стадник собирается передать в городскую собственность Николаева областные объекты соцсферы	https://nikvesti.com/news/None
168943	2019-10-04	«Это будет уровень», - Стадник предложил сделать из простаивающего в Николаеве крейсера «Украина» гостиницу и развлекательный комплекс	https://nikvesti.com/news/None
169114	2019-10-06	В Черновицой области водитель экскаватора задавил насмерть своего напарника во время чистки берега Днестра	https://nikvesti.com/news/None
169846	2019-10-16	В Николаеве продолжают заниматься благоустройством сквера «Спортивный»	https://nikvesti.com/news/None
170180	2019-10-21	Абромавичус заявил о необходимости продать простаивающий в Николаеве крейсер «Украина»	https://nikvesti.com/news/None
174129	2019-12-06	В Николаеве сняли документальный фильм о ракетном крейсере «Украина»	https://nikvesti.com/news/None
176895	2020-01-10	Воронов уволился с должности директора Агентства развития Николаева	https://nikvesti.com/news/None
177122	2020-01-14	Госслужба качества образования проведет в 2020 году аудит в 4 школах Николаевской области	https://nikvesti.com/news/None
181987	2020-03-06	Сенкевич: «Агентство развития Николаева» осталось без финансирования, а работников не могут найти из-за низкой зарплаты	https://nikvesti.com/news/None
182488	2020-03-13	На Николаевщине за минувшие сутки выгорело 7 гектаров сухой травы и камыша	https://nikvesti.com/news/None
183792	2020-03-27	На Николаевщине из-за короткого замыкания сгорел гараж с автомобилем	https://nikvesti.com/news/None
185065	2020-04-10	Город в Херсонской области на выходные закроют на тотальный карантин	https://nikvesti.com/news/None
185158	2020-04-11	Первых двух больных коронавирусом зафиксировали в Николаевской области — они вернулись из Польши	https://nikvesti.com/news/None
185165	2020-04-11	Село Вороновка на Николаевщине, где обнаружили коронавирус, закроют на въезд и выезд	https://nikvesti.com/news/None
185166	2020-04-11	Двух больных коронавирусом на Николаевщине могли заразить приехавшие из Польши односельчане: начато расследование	https://nikvesti.com/news/None
185169	2020-04-11	В Николаевской ОГА заявили, что больных коронавирусом женщин привезли в областную инфекционку во время визита Ляшко	https://nikvesti.com/news/None
185168	2020-04-11	В селе на Николаевщине, где выявлен коронавирус, будет работать мобильная бригада, которая установит с кем контактировали заболевшие	https://nikvesti.com/news/None
185176	2020-04-11	Жители села Вороновка, где обнаружили коронавирус, массово выезжают из села — въезд и выезд никто не закрывал	https://nikvesti.com/news/None
185181	2020-04-11	Креминь призвал поскорее изолировать село на Николаевщине, где нашли коронавирус: «Может возникнуть огромная проблема»	https://nikvesti.com/news/None
185182	2020-04-11	«Их зачем-то повезли в Вознесенск», — из-за контакта с больными на COVID-19 обсервацию пройдет 26 человек, из которых 16 - медики	https://nikvesti.com/news/None
185193	2020-04-11	Заболевшие коронавирусом женщины из Вороновки на Николаевщине не выезжали за границу	https://nikvesti.com/news/None
185199	2020-04-11	Контактировавших с первыми больными коронавирусом на Николаевщине проверят на COVID-19	https://nikvesti.com/news/None
185206	2020-04-12	На Николаевщине за 4 дня на коронавирус проверили 45 больных пневмонией, еще 72 пробы в работе	https://nikvesti.com/news/None
185208	2020-04-12	В Украине зафиксировали уже 2777 случаев коронавируса, в Николаевской области - 2 случая	https://nikvesti.com/news/None
185217	2020-04-12	В Николаевской области подтвердили еще 2 случая коронавируса — из той же религиозной общины, что и первые больные	https://nikvesti.com/news/None
185218	2020-04-12	В Николаевской ОГА отчитались о создании блок-поста в Вороновке, где нашли вспышку коронавируса	https://nikvesti.com/news/None
185219	2020-04-12	«Вопросы психологии». В Минздраве объяснили, с чем связан запрет на прогулки в парках	https://nikvesti.com/news/None
185221	2020-04-12	В Одесской области первый летальный случай от Covid-19	https://nikvesti.com/news/None
185220	2020-04-12	Мэр Николаева объяснил резкое увеличение больных на пневмонию в областной инфекционной больнице: Из-за карантина туда направляют со всей области	https://nikvesti.com/news/None
185233	2020-04-12	Депутат Вознесенкого райсовета просит установить блок-пост на въезде в Актово: Поток туристов в каньон увеличивается	https://nikvesti.com/news/None
185236	2020-04-12	:exclamation:В Николаевской области подтвердили пятый случай коронавируса	https://nikvesti.com/news/None
185253	2020-04-13	Сенкевич призвал жителей Николаева не посещать церковь на Пасху	https://nikvesti.com/news/None
185317	2020-04-13	В селе Вороновка, где обнаружили больных коронавирусом, спасатели продезинфицировали улицы	https://nikvesti.com/news/None
185337	2020-04-13	Во Львове за две недели протестировали на коронавирус больше 4 тысяч человек	https://nikvesti.com/news/None
185377	2020-04-14	Количество больных коронавирусом на Николаевщине выросло до 14 человек	https://nikvesti.com/news/None
185479	2020-04-15	В Николаевской области уже 22 подтвержденных случая COVID-19	https://nikvesti.com/news/None
185480	2020-04-15	В Николаеве зафиксирован первый случай коронавируса	https://nikvesti.com/news/None
185489	2020-04-15	Инфицированной коронавирусом в Николаеве оказалась 6-летняя девочка	https://nikvesti.com/news/None
185515	2020-04-15	Первый заболевший коронавирусом в Южноукраинске близко контактировал с сотрудником АЭС	https://nikvesti.com/news/None
185522	2020-04-15	Жильцам многоэтажки в Николаеве, где живет заболевший COVID-19 ребенок, предлагали «скинуться» на дезинфекцию подъездов	https://nikvesti.com/news/None
185524	2020-04-15	Среди служащих Госпогранслужбы зафиксирован первый случай заболевания COVID-19	https://nikvesti.com/news/None
185526	2020-04-15	Эпидемиолог сообщила, что источник заболевания коронавирусом в Южноукраинске пока не нашли	https://nikvesti.com/news/None
185529	2020-04-15	Состояние стабильное, — мэр Николаева Сенкевич рассказал о самочувствии девочки с коронавирусом	https://nikvesti.com/news/None
185533	2020-04-15	Мэр Сенкевич анонсировал новые проверки МОЗ на Николаевщине	https://nikvesti.com/news/None
185536	2020-04-15	Депутат Киселева: Николаевская ОГА нарушила требование Кабмина, не организовав обсервацию вернувшихся из-за границы	https://nikvesti.com/news/None
185564	2020-04-16	В Украине зафиксировано 397 новых случаев коронавируса, количество инфицированных выросло до 4161, в Николаевской области 22 заболевших	https://nikvesti.com/news/None
185598	2020-04-16	«Врата ада не одолеют Церковь!», — Вознесенский архиепископ УПЦ МП заявил, что их храмы будут открыты в Пасхальную ночь	https://nikvesti.com/news/None
185670	2020-04-17	В Украине за сутки зафиксировали 501 новый случай заражения коронавирусом	https://nikvesti.com/news/None
185722	2020-04-17	«Нет потребности», – Трайтли заявил, что в Николаевской области не будут устанавливать пункты пропуска	https://nikvesti.com/news/None
185731	2020-04-17	На Николаевщине не могут определить, как заразились первые больные коронавирусом в Вороновке	https://nikvesti.com/news/None
185744	2020-04-17	Решение о продлении карантина или его смягчении примут после Пасхи — главный санврач Ляшко	https://nikvesti.com/news/None
185735	2020-04-17	В Николаевской ОГА призвали людей на пасхальные праздники не ездить на шашлыки и молиться из дому	https://nikvesti.com/news/None
185746	2020-04-17	На Николаевщине сегодня выявили два новых случая коронавируса, — мэр Сенкевич	https://nikvesti.com/news/None
186022	2020-04-21	На Николаевщине подтверждена первая смерть от коронавируса: умерла 81-летняя жительница села Вороновка	https://nikvesti.com/news/None
186051	2020-04-21	В Николаевской области похоронили женщину, умершую от коронавируса	https://nikvesti.com/news/None
186061	2020-04-21	Из-за пандемии коронавируса людям с онкологическими заболеваниями в Украине не хватает лекарств	https://nikvesti.com/news/None
186144	2020-04-22	Нам надо меньше делать резких заявлений, — Сенкевич прокомментировал проблему вывоза умерших от коронавируса в Николаеве	https://nikvesti.com/news/None
186202	2020-04-23	В село Семеновка на Николаевщине закрыли въезд и выезд из-за вспышки COVID-19	https://nikvesti.com/news/None
186242	2020-04-23	На КП «Николаевская ритуальная служба» заявили, что готовы доставлять в морг тела умерших от COVID-19	https://nikvesti.com/news/None
186377	2020-04-25	Женщина, которая одной из первых на Николаевщине заболела COVID-19 пошла на поправку	https://nikvesti.com/news/None
186390	2020-04-25	На Николаевщине вторая смерть от коронавируса — умер 73-летний житель Доманевского района	https://nikvesti.com/news/None
187119	2020-05-04	На Николаевщине от коронавируса умерло уже 4 человека	https://nikvesti.com/news/None
187181	2020-05-04	Житель Николаева с COVID-19 умер от инфаркта, — мэр Сенкевич	https://nikvesti.com/news/None
187229	2020-05-05	На Николаевщине еще один летальный случай COVID-19, всего — 5 смертей	https://nikvesti.com/news/None
187378	2020-05-06	Николаевский политик Чайка купил памперсы переболевшей коронавирусом роженице и сделал совместное фото	https://nikvesti.com/news/None
192191	2020-07-01	Спустя год вопрос демилитаризации крейсера «Украина» в Николаеве так и не сдвинулся с мертвой точки	https://nikvesti.com/news/None
192754	2020-07-08	Возросло количество погибших от пожаров на Луганщине: еще один человек умер в больнице	https://nikvesti.com/news/None
192763	2020-07-08	Аваков не исключает использование пожарной авиации для ликвидации пожара в Луганской области	https://nikvesti.com/news/None
194090	2020-07-24	«Эксклюзивное видео обратной стороны», — николаевец показал разбитое здание ДОФа и предложил к его 200-летию сделать реставрацию	https://nikvesti.com/news/None
198435	2020-09-12	«Пусть. Слава Богу! Я рад, что хоть под выборы», — Ильюк об открытии фонтана в «Сердце города»	https://nikvesti.com/news/None
200069	2020-09-30	Пожары в Луганской области перешли на жилые дома: задействованы больше тысячи человек	https://nikvesti.com/news/None
200321	2020-10-03	На пожарах в Луганской области нашли останки троих человек	https://nikvesti.com/news/None
200413	2020-10-05	Боевики четыре раза нарушили режим прекращения огня на Донбассе	https://nikvesti.com/news/None
200963	2020-10-11	«Слуги народа» провезли «булаву» Зеленского через все районы Николаевской области	https://nikvesti.com/news/None
201479	2020-10-17	Что ждет город в первый год после местных выборов: В Николаеве прошел пятый выпуск политического ток-шоу «Битва за місто»	https://nikvesti.com/news/None
201604	2020-10-19	Воронов заявил, что за 5 лет в Николаеве не построили ни одного нового детсада: «Бюджет развития за эти годы составлял порядка ₴4 млрд»	https://nikvesti.com/news/None
202090	2020-10-24	Гранатуров хочет возобновить программу по восстановлению детских садов в Николаеве	https://nikvesti.com/news/None
202286	2020-10-26	В Беларуси на акциях протеста задержали почти 300 человек	https://nikvesti.com/news/None
204773	2020-11-23	Объявлен лонг-лист претендентов на Шевченковскую премию	https://nikvesti.com/news/None
205160	2020-11-27	На Северном в Николаеве в следующем году построят новый детский сад	https://nikvesti.com/news/None
206735	2020-12-16	«Укроборонпром» выделил деньги на содержание ракетного крейсера «Украина»	https://nikvesti.com/news/None
207069	2020-12-20	Минобороны задолжало «Николаевскому судостроительному заводу» ₴88,5 млн за содержание крейсера «Украина»	https://nikvesti.com/news/None
209609	2021-01-21	Несмотря на поручение Зеленского, государство так и не возместило «Николаевскому судостроительному заводу» ₴90 млн за содержание крейсера «Украина»	https://nikvesti.com/news/None
209673	2021-01-21	Крейсер «Украина»: За полтора года Минобороны так и не обратилось к судостроительному заводу в Николаеве с предложением о демилитаризации	https://nikvesti.com/news/None
209758	2021-01-22	Крейсер «Украина»: Найем убежден, что указ Зеленского о демилитаризации корабля будет выполнен на заводе в Николаеве	https://nikvesti.com/news/None
209766	2021-01-22	«На это нужно несколько сотен миллионов гривен», — Арахамия рассказал о проекте перестройки крейсера «Украина» в плавучий музей	https://nikvesti.com/news/None
210515	2021-01-30	«Ведется работа для устройства музея в городе Николаеве» , — Губернатор Ким о будущем крейсера «Украина»	https://nikvesti.com/news/None
212508	2021-02-18	Николаевский предприниматель Ветров считает, что на берегу у «Дикого Сада» надо сделать яхт-клуб	https://nikvesti.com/news/None
212587	2021-02-19	В Ровенской области фельдшер тянул больного через снежные заносы два километра, чтобы попасть в «скорую»	https://nikvesti.com/news/None
212712	2021-02-21	«Героем себя не считаю», — фельдшер из Ровенской области, который нес больного два километра через сугробы к «скорой»	https://nikvesti.com/news/None
213585	2021-03-02	Установлена причина гибели лебедей в Херсонской области	https://nikvesti.com/news/None
213704	2021-03-03	«Другого пути нет», — губернатор Ким пообещал сделать музей из крейсера «Украина» в Николаеве	https://nikvesti.com/news/None
217707	2021-04-19	«Укроборонпром» хоче, щоб колишній крейсер «Україна» став «туристично привабливим для регіону»	https://nikvesti.com/news/None
219162	2021-05-07	Кабмин дал согласие на создание в Николаеве корабля-музея на базе крейсера «Украина»	https://nikvesti.com/news/None
219654	2021-05-14	В Вознесенском районе полиция задержала мужчину на незаконной рубке лесополосы	https://nikvesti.com/news/None
220050	2021-05-19	Поставить посреди реки и построить к нему мост, - новые планы Николаевской ОГА по крейсеру «Украина»	https://nikvesti.com/news/None
220060	2021-05-19	«Очень сложно со сроками», — Ким о создании музея из крейсера «Украина» к 30-летию Независимости	https://nikvesti.com/news/None
221348	2021-06-03	На Николаевщине группа лиц незаконно срубила 25 деревьев акации	https://nikvesti.com/news/None
222846	2021-06-22	На трассе Николаевщины перевернулась фура, заблокировав все полосы движения	https://nikvesti.com/news/None
223596	2021-07-02	«Процедура сложная, идем через сопротивление», — Ким рассказал, на каком этапе проект создания музея на базе крейсера «Украина»	https://nikvesti.com/news/None
229502	2021-09-15	«Укрзалізниця» запускает новый поезд из Киева в Кировоградскую область	https://nikvesti.com/news/None
230379	2021-09-27	Сенкевич назвал «захолустным» и «вонючим» цветочный рынок, построенный посреди тротуара по Спасской	https://nikvesti.com/news/None
231309	2021-10-07	«За 2 года ничего не сделано», – Директор «НСЗ» Калашников пожаловался на невыполнение обещания Зеленского по крейсеру «Украина»	https://nikvesti.com/news/None
232523	2021-10-24	Кабмин решит судьбу николаевского крейсера «Украина», который Ким обещал пришвартовать к Набережной как музей, – «Укроборонпром»	https://nikvesti.com/news/None
233274	2021-11-03	Агентство развития Николаева занялось народными ремеслами и провело семинар по гончарству	https://nikvesti.com/news/None
240015	2022-02-04	Любаров считает, что переоборудование крейсера «Украина» в музей поможет Николаеву стать культурной провинцией	https://nikvesti.com/news/None
240674	2022-02-14	Черное море занял российский флот под предлогом учений — во флагманах крейсер, построенный в Николаеве	https://nikvesti.com/news/None
241844	2022-02-25	Николаевцы сдают кровь для раненых бойцов	https://nikvesti.com/news/None
249590	2022-06-06	ВСУ удерживают контроль в Северодонецке и не дают РФ захватить трассу, — Генштаб	https://nikvesti.com/news/None
250572	2022-06-22	Оккупанты обстреливают Лисичанск и пытаются перекрыть «дорогу жизни», — Гайдай	https://nikvesti.com/news/None
250737	2022-06-25	ВСУ остановили наступление врага под Бахмутом и подавили штурм возле Харькова, — сводка Генштаба	https://nikvesti.com/news/None
250781	2022-06-25	ВСУ отразили попытки наступлений оккупантов на Славянском и Бахмутском направлении, — Генштаб	https://nikvesti.com/news/None
250736	2022-06-25	Хроника войны, 122 день: Утро в Николаеве началось со взрывов	https://nikvesti.com/news/None
250805	2022-06-26	Россияне закрепились в Северодонецке и продолжают наносить авиаудары по Лисичанску	https://nikvesti.com/news/None
250786	2022-06-26	Хроника войны, 123 день: В Николаеве снова слышны взрывы, оккупанты обороняются на юге	https://nikvesti.com/news/None
254470	2022-08-21	Український лейтенант пораненим 3 місяці виживав в окупованому Херсоні — під кінець травня він вибрався з міста і отримав Героя України	https://nikvesti.com/news/None
254440	2022-08-21	179-й день війни: Окупанти намагались штурмувати на півдні, ЗСУ уразили командний пункт росіян	https://nikvesti.com/news/None
262265	2022-12-27	Міжнародні партнери розроблять проєкт будівництва набережної у Миколаєві: від Варварівського мосту до Намиву	https://nikvesti.com/news/None
275745	2023-09-07	Смертельне ДТП: на Миколаївщині позашляховик врізався у стовп	https://nikvesti.com/news/None
279697	2023-11-19	Біля спортшколи «Надія» у Миколаєві відремонтують скейт-парк: роботи коштуватимуть ₴2,1 млн	https://nikvesti.com/news/None
286929	2024-04-06	Автівки, нерухомість та зарплати більші, ніж у мера: що задекларували голови адміністрацій Миколаєва	https://nikvesti.com/news/shcho-zadeklaruvaty-golovy-rajonnih-administratsij-mikolaieva-u-2023-rotsi_ua
289968	2024-06-06	ВР ухвалила закон про реформу дошкільної освіти	https://nikvesti.com/news/vr-uhvalila-zakon-pro-reformu-doshkilnoi-osvity
290927	2024-06-26	РНБО анулювала спецдозвіл для компанії Новинського на видобуток граніту в Ахтовському родовищі на Миколаївщині	https://nikvesti.com/news/rnbo-anuluvavala-spec-dozvil-dlya-kompaniyi-novins-kogo-na-vidobutok-granitu-v-ahtovskomu-rodovischci-na-mikolayiv
293327	2024-08-09	Останній зруйнований міст на Миколаївщині планувала відновити Чехія, але затягнулось, — віцегубернатор Гайдаржи	https://nikvesti.com/news/ostanniy-zruynovaniy-mist-na-mykolaivshchyni-planuvala-vidnoviti-chekhiya-ale-ztyagnulos-vitsegubernator_ua
298531	2024-12-09	У річки Миколаївщини випустили майже 1,5 тонн мальків риб	https://nikvesti.com/news/298531-u-vodoymi-mykolayivshchyny-vypustyly-59-tysyach-malkiv-ryb
303363	2025-04-03	Мільйонні заощадження та кредити: що у деклараціях голів адміністрацій районів Миколаєва за 2024 рік	https://nikvesti.com/news/303363-what-declared-heads-administrations-districts-mykolaiv-2024
303605	2025-04-09	Найбільші доходи серед депутатів Миколаєва показали Капацина, Кантор і Домбровська	https://nikvesti.com/news/303605-nerukhomist-pidpriemnictvo-bankivski-vidsotki-groshovi-prezenti-deputaty-mykolaivskoi-miskradi-prozvituali-pro-svoi-statki
305619	2025-05-31	На Сумщині розширили обов’язкову евакуацію ще на 11 населених пунктів	https://nikvesti.com/news/305619-na-sumshchini-rozshyryly-evakuatsiyu-na-11-naselennykh-punktiv
306192	2025-06-17	Гід по годинниках Tissot: найкращі моделі	https://nikvesti.com/news/306192-gid-po-hodynnykah-tissot-naikrashi-modeli
316889	2026-04-06	Депутати облради проситимуть Кабмін повернути Миколаївщині басейнове управління Південним Бугом	https://nikvesti.com/news/316889-deputaty-oblradi-prositimut-kabmin-povernuty-mykolaivshchyni-baseinove-upravlinnia-pivdennym-buhom
318942	2026-05-26	На Вознесенщині триває Національний тиждень безбар’єрності: підсумки другого дня	https://nikvesti.com/news/318942-na-voznesenshchini-trivaie-natsionalnii-tyzhden-bezbariernosti-pidsumki-druhogo-dnia
318999	2026-05-27	На Вознесенщині триває Національний тиждень безбар’єрності: підсумки третього дня	https://nikvesti.com/news/318999-na-voznesenshchini-tryvae-natsionalnyi-tyzhden-bezbariernosti-pidsumki-tretioho-dnia
319819	2026-06-16	Скейтпарк біля «Надії» у Миколаєві пропонують перенести: де буде нова локація	https://nikvesti.com/news/319819-skejtpark-bilia-nadiyi-u-mykolaievi-proponuiut-perenesti-nova-lokatsiia-2026
